bert_bert_miniLM0,bert_bert_miniLM1,bert_bert_miniLM2
0.17778915166854858,0.19045478105545044,0.3582135736942291
0.30640923976898193,0.35072314739227295,0.5929272174835205
0.6913767457008362,0.5811073184013367,0.8284757137298584
0.7163873910903931,0.7608813643455505,0.8144503831863403
0.7918063402175903,0.8599851131439209,0.8743806481361389
0.7949923276901245,0.8243525624275208,0.916282594203949
0.17002098262310028,0.2324833869934082,0.41084152460098267
0.2275087833404541,0.3131445050239563,0.7576380372047424
0.44649648666381836,0.5477808713912964,0.6401230692863464
0.07540612667798996,0.2080927938222885,0.5141199827194214
0.4354262053966522,0.43607231974601746,0.6545037627220154
0.27043527364730835,0.34097832441329956,0.6102929711341858
0.10603804141283035,0.19671140611171722,0.599316418170929
0.35458338260650635,0.5002567172050476,0.7380788326263428
0.3587953448295593,0.37882742285728455,0.5601924061775208
0.18149372935295105,0.28703686594963074,0.5612506866455078
0.6337418556213379,0.6577204465866089,0.7939130067825317
0.2797096371650696,0.34699729084968567,0.6100601553916931
0.8208544254302979,0.8453591465950012,0.8403823971748352
0.09197213500738144,0.18816611170768738,0.5808038115501404
0.16898006200790405,0.31748199462890625,0.4490371644496918
0.15196913480758667,0.23461100459098816,0.6003832221031189
0.9087473154067993,0.9106426239013672,0.921425461769104
0.07592739164829254,0.13089415431022644,0.6385152339935303
0.8952391147613525,0.9242738485336304,0.9576829075813293
0.11630537360906601,0.16817089915275574,0.3792692720890045
0.1809828132390976,0.2561986446380615,0.44965222477912903
0.5097992420196533,0.582507848739624,0.8245787620544434
0.5607487559318542,0.666175127029419,0.7526801824569702
-0.00862985197454691,0.062428493052721024,0.7163279056549072
0.4528981149196625,0.5082009434700012,0.8082635998725891
0.00259823608212173,0.035177167505025864,0.3573644757270813
0.12032680958509445,0.18850676715373993,0.4547763466835022
0.8808808922767639,0.8970555067062378,0.9435954689979553
0.19712677597999573,0.28484538197517395,0.5300536155700684
0.5941123366355896,0.6552574634552002,0.7211167812347412
0.15565714240074158,0.2428474873304367,0.5885408520698547
0.09306749701499939,0.16969241201877594,0.7438827157020569
0.9205155372619629,0.9116318821907043,0.9280886054039001
0.8456597924232483,0.8564674258232117,0.9300442934036255
0.5713797807693481,0.6855007410049438,0.8906072974205017
0.6882027983665466,0.7664608359336853,0.7307938933372498
0.17817805707454681,0.4107813239097595,0.5842755436897278
0.937671959400177,0.9277482628822327,0.9563588500022888
0.4606230556964874,0.541744589805603,0.7502650022506714
0.8178136944770813,0.804736316204071,0.9395988583564758
0.8289708495140076,0.8672782778739929,0.7985389828681946
0.2835052013397217,0.35123974084854126,0.5292215943336487
0.7668745517730713,0.682081401348114,0.9170875549316406
0.4727119207382202,0.6118723750114441,0.7955479621887207
0.18811924755573273,0.23103678226470947,0.48145216703414917
0.12119651585817337,0.1965782344341278,0.44062674045562744
0.2903091609477997,0.29837170243263245,0.4864957630634308
0.45005691051483154,0.49648457765579224,0.919202983379364
0.3770487904548645,0.4386378526687622,0.6480861902236938
0.2859761118888855,0.35282787680625916,0.7074282169342041
0.5199538469314575,0.5195960402488708,0.8676041960716248
0.5531476140022278,0.5580946803092957,0.8577314019203186
0.9028634428977966,0.829973042011261,0.9585525989532471
0.43307146430015564,0.4913870692253113,0.8301309943199158
0.3670700192451477,0.5159340500831604,0.7102712392807007
0.1411793828010559,0.23788541555404663,0.6091617941856384
0.5611103773117065,0.6203101873397827,0.8334418535232544
0.21154539287090302,0.16404275596141815,0.2868638038635254
0.7418128252029419,0.6840100288391113,0.8292186260223389
0.8777067065238953,0.9000659584999084,0.8370773196220398
0.8071099519729614,0.8723787069320679,0.9279349446296692
0.5962678790092468,0.628423273563385,0.770114004611969
0.2384394258260727,0.28741350769996643,0.5754807591438293
0.8521878123283386,0.9300011396408081,0.9484331011772156
0.09786209464073181,0.18098601698875427,0.7324360013008118
0.35109326243400574,0.39219164848327637,0.7899826765060425
0.2278038114309311,0.2603180706501007,0.4522988200187683
0.32200905680656433,0.3658301532268524,0.7199459671974182
0.2988675534725189,0.3216719329357147,0.4938836693763733
0.25566837191581726,0.32987838983535767,0.5967252850532532
0.6099921464920044,0.6450332403182983,0.911576509475708
0.2724747955799103,0.3591163754463196,0.7523651719093323
0.3260692059993744,0.39709529280662537,0.7079285383224487
0.7158356308937073,0.824768602848053,0.9056674242019653
0.2702619135379791,0.36053743958473206,0.6332820057868958
0.12384642660617828,0.1564398854970932,0.6870312690734863
0.4979582130908966,0.5766587257385254,0.6817739605903625
0.6014305353164673,0.6275548934936523,0.6455751657485962
0.4316878616809845,0.5421068072319031,0.830427885055542
0.17601773142814636,0.29171431064605713,0.5732734799385071
0.23336395621299744,0.35007601976394653,0.7170206904411316
0.545110821723938,0.6392673254013062,0.8180924654006958
0.3457115590572357,0.37508469820022583,0.5973305702209473
0.11859383434057236,0.19296254217624664,0.5729281902313232
0.5410386323928833,0.5838946104049683,0.8609565496444702
0.23632404208183289,0.35454708337783813,0.6746346354484558
0.09235599637031555,0.14148175716400146,0.3195044994354248
0.33518096804618835,0.3466193675994873,0.5773156881332397
0.8874378800392151,0.9025103449821472,0.9160014986991882
0.09289681166410446,0.1132088303565979,0.6253820657730103
0.2543449103832245,0.27808311581611633,0.35190460085868835
0.1552892029285431,0.22847367823123932,0.6073765158653259
0.358354777097702,0.504043698310852,0.7443656921386719
0.09509937465190887,0.20286667346954346,0.7419916987419128
0.8645599484443665,0.8052133917808533,0.8853739500045776
0.8782418370246887,0.8314386010169983,0.9358580112457275
0.7167245745658875,0.7873435020446777,0.8903616070747375
0.6835851669311523,0.7876436114311218,0.9398983120918274
0.2657164931297302,0.2931073009967804,0.6988112330436707
0.12827759981155396,0.2118355929851532,0.46546852588653564
0.311137855052948,0.33286038041114807,0.783007800579071
0.6771745085716248,0.6704172492027283,0.8496831655502319
0.3381771147251129,0.3453793525695801,0.5324603915214539
0.41978132724761963,0.48607945442199707,0.6754484176635742
0.17832006514072418,0.2925000488758087,0.6570772528648376
0.9130452871322632,0.9218267798423767,0.9650543928146362
0.43467819690704346,0.5354241728782654,0.7479405999183655
0.8514262437820435,0.8933821320533752,0.951875627040863
0.12381692230701447,0.24080242216587067,0.6607080698013306
0.09016985446214676,0.15330970287322998,0.5645720362663269
0.36185628175735474,0.3513210713863373,0.8481270670890808
0.5648978352546692,0.5756546854972839,0.9233465790748596
0.08019644767045975,0.18730901181697845,0.5600646138191223
0.8342351913452148,0.8137950897216797,0.8920819759368896
0.15069513022899628,0.2890641689300537,0.49949216842651367
0.25319144129753113,0.3328947424888611,0.5343338847160339
0.17508678138256073,0.16027472913265228,0.7235639095306396
0.7295870780944824,0.7629083395004272,0.9454336762428284
0.6685622334480286,0.6652414202690125,0.8862319588661194
0.7396725416183472,0.7752797603607178,0.96524578332901
0.3948594033718109,0.5168665647506714,0.7043264508247375
0.21268828213214874,0.2184816300868988,0.4399297833442688
-0.0021199400071054697,0.13594573736190796,0.42089521884918213
0.38751018047332764,0.44099757075309753,0.43320944905281067
0.6670517921447754,0.6437021493911743,0.80589359998703
0.06611663103103638,0.061560340225696564,0.3768037259578705
0.49584338068962097,0.4791945815086365,0.7074654698371887
0.2655929923057556,0.2583897113800049,0.773087203502655
0.7194603681564331,0.784260630607605,0.8660019636154175
0.09625966101884842,0.14415043592453003,0.3861187994480133
0.759946346282959,0.6918302774429321,0.9347290396690369
0.8083276748657227,0.8178061246871948,0.8403763175010681
0.4447435438632965,0.5628277659416199,0.8143541812896729
0.07152771204710007,0.10634809732437134,0.24494633078575134
0.131085604429245,0.21663770079612732,0.4572814404964447
0.14838773012161255,0.21434614062309265,0.36903026700019836
0.2099435180425644,0.23226052522659302,0.5668497085571289
0.0922391414642334,0.15521149337291718,0.43154600262641907
0.34403178095817566,0.4459933638572693,0.7836592197418213
0.7259780764579773,0.7743723392486572,0.8573325276374817
0.1552736461162567,0.1683073788881302,0.5416088104248047
0.1130395382642746,0.16529881954193115,0.6591760516166687
0.20189815759658813,0.3094264268875122,0.7240027189254761
0.3228195309638977,0.42414698004722595,0.6072009205818176
0.5759463906288147,0.6272488236427307,0.7877131700515747
0.9429928660392761,0.9349787831306458,0.9399303197860718
0.5819829702377319,0.6687843799591064,0.781347393989563
0.42576757073402405,0.4755399227142334,0.7442270517349243
0.31360870599746704,0.42100790143013,0.5859859585762024
0.4527648985385895,0.5140455961227417,0.6769095659255981
0.8215537667274475,0.8088308572769165,0.9129184484481812
0.30682307481765747,0.29626625776290894,0.7362900376319885
0.11753084510564804,0.19571314752101898,0.5524237155914307
0.7529260516166687,0.730191171169281,0.692336916923523
0.4331500232219696,0.5035876035690308,0.8610969185829163
0.5314746499061584,0.5462096929550171,0.7434884905815125
0.8630449771881104,0.8985082507133484,0.9282099008560181
0.43597084283828735,0.46567702293395996,0.6450639963150024
0.7751951217651367,0.7776405811309814,0.8876376152038574
0.2405218780040741,0.26169857382774353,0.7500414848327637
0.4947718381881714,0.5807346105575562,0.7643063068389893
0.22562940418720245,0.37187865376472473,0.7732371091842651
0.7022844552993774,0.7345261573791504,0.8634778261184692
0.11055342108011246,0.17283810675144196,0.42074286937713623
0.27601686120033264,0.2957710027694702,0.5356531143188477
0.7259215712547302,0.7579603791236877,0.8348428606987
0.5255865454673767,0.5813381671905518,0.8110729455947876
0.3267069160938263,0.4600215554237366,0.603127121925354
0.12949137389659882,0.1870555579662323,0.6875821352005005
0.31017637252807617,0.33139124512672424,0.48554861545562744
0.4916751980781555,0.5949450135231018,0.8388335704803467
0.20652662217617035,0.2930584251880646,0.5479812026023865
0.2932513654232025,0.3388306200504303,0.7570399641990662
0.9264960885047913,0.9241930246353149,0.946990966796875
-0.007264978252351284,0.04313243553042412,0.33962035179138184
0.23345822095870972,0.24508121609687805,0.7881404757499695
0.200940802693367,0.31457677483558655,0.7490559816360474
0.5638774633407593,0.6312773823738098,0.8161572813987732
0.382813960313797,0.4514181315898895,0.7647611498832703
0.43839365243911743,0.5393650531768799,0.7128117084503174
0.16896845400333405,0.21455180644989014,0.5007216930389404
0.9236648082733154,0.9076747298240662,0.9413284063339233
0.9054998159408569,0.9052466154098511,0.9050662517547607
0.6894818544387817,0.7151572704315186,0.7855101823806763
0.2840585708618164,0.2998082935810089,0.7819749712944031
0.2421168088912964,0.2673753798007965,0.6899298429489136
0.3625141680240631,0.43097397685050964,0.7295255064964294
0.39146170020103455,0.42436304688453674,0.7115676403045654
0.4450269043445587,0.4662456810474396,0.7531815767288208
0.4957031309604645,0.501812219619751,0.8863008618354797
0.8909153938293457,0.9166721701622009,0.9334691166877747
0.891027569770813,0.9001928567886353,0.9600196480751038
0.8534997701644897,0.9076785445213318,0.946843683719635
0.7617060542106628,0.9018017649650574,0.9334444403648376
0.01244988851249218,0.05893433839082718,0.677329957485199
0.3808833360671997,0.40247881412506104,0.593018651008606
0.940485417842865,0.9035842418670654,0.9240536689758301
0.6544543504714966,0.648347020149231,0.8734501004219055
0.18512016534805298,0.24281646311283112,0.454106867313385
0.8142654299736023,0.8038010001182556,0.8596649169921875
0.23257146775722504,0.28616130352020264,0.4929356873035431
7.019565236987546e-05,0.04352174699306488,0.6318873763084412
0.18130584061145782,0.25262734293937683,0.527995765209198
0.22473381459712982,0.3284595310688019,0.622687041759491
-0.025454852730035782,-0.00020603465964086354,0.5879455804824829
0.4074740409851074,0.4343445897102356,0.5945342183113098
0.3607981204986572,0.36065351963043213,0.730683445930481
0.4949812889099121,0.5267185568809509,0.8700853586196899
0.3186028003692627,0.3976593613624573,0.832388162612915
0.24106605350971222,0.3454510569572449,0.6723117828369141
0.4138544797897339,0.4297621250152588,0.6188803911209106
0.7928783297538757,0.8237152695655823,0.9202311038970947
0.45276862382888794,0.489865779876709,0.707736074924469
0.386558473110199,0.47227492928504944,0.6887622475624084
0.04934292286634445,0.12097809463739395,0.3505665957927704
0.4699596166610718,0.4997151494026184,0.7645604610443115
0.8788222074508667,0.9194780588150024,0.9546350836753845
0.6462594270706177,0.6378481984138489,0.8619269132614136
0.21701186895370483,0.30399757623672485,0.5967785120010376
0.0907837525010109,0.1447312831878662,0.5828070044517517
0.6477075815200806,0.6913283467292786,0.6347753405570984
0.07699039578437805,0.059562183916568756,0.2563154101371765
0.6451737284660339,0.6846393346786499,0.8374517560005188
0.2699138820171356,0.345998615026474,0.6256693601608276
0.5540841817855835,0.6840312480926514,0.8820728659629822
0.4520990550518036,0.48003992438316345,0.7193482518196106
0.41637134552001953,0.4162757992744446,0.5048739910125732
0.39692553877830505,0.5274352431297302,0.8259662389755249
0.8170697093009949,0.7650831341743469,0.8661354184150696
0.6551100611686707,0.6793714165687561,0.9223518371582031
0.3901253342628479,0.437142014503479,0.5768546462059021
0.12026519328355789,0.18986326456069946,0.37504011392593384
0.8642324805259705,0.8017318248748779,0.8727351427078247
0.23811165988445282,0.2949739694595337,0.7351325154304504
0.12995736300945282,0.15568459033966064,0.26854535937309265
0.569290816783905,0.5904428362846375,0.7517727017402649
0.18750327825546265,0.27307572960853577,0.767180323600769
1.0,1.0,1.0
-0.05905049666762352,-0.017190782353281975,0.297023206949234
0.3932010531425476,0.3368420898914337,0.4459262788295746
0.09821117669343948,0.17220380902290344,0.7361713647842407
0.33201903104782104,0.40025290846824646,0.7229219079017639
0.25586411356925964,0.5088699460029602,0.9209550023078918
0.8694340586662292,0.8256498575210571,0.8400962352752686
0.6291417479515076,0.6827590465545654,0.8397616744041443
0.142037034034729,0.21325479447841644,0.46327751874923706
0.5574256181716919,0.6164980530738831,0.8253949284553528
0.4262674152851105,0.5052295327186584,0.8938104510307312
0.5669485330581665,0.5957595109939575,0.7812819480895996
0.028285812586545944,0.1123482882976532,0.39887282252311707
0.41978219151496887,0.47403088212013245,0.6174995303153992
0.11729004234075546,0.26064932346343994,0.6864535212516785
0.5443629026412964,0.5004954934120178,0.7869881987571716
0.5313677191734314,0.5654740929603577,0.8834105134010315
0.8903199434280396,0.9021546840667725,0.9694594740867615
0.1771213710308075,0.20146334171295166,0.5843973159790039
0.8161832690238953,0.8459283709526062,0.8421303629875183
0.1367286890745163,0.20874151587486267,0.6930074095726013
0.8763251304626465,0.8790278434753418,0.9377108216285706
0.3210306465625763,0.514127254486084,0.9452180862426758
0.6262980103492737,0.6698499321937561,0.7679538130760193
0.6268476247787476,0.7580626606941223,0.7812884449958801
0.3724551498889923,0.47627317905426025,0.7938154339790344
0.34058427810668945,0.46763768792152405,0.6523745656013489
0.7947772145271301,0.7854676246643066,0.7890269160270691
0.9321702718734741,0.9591207504272461,0.9624830484390259
0.38341224193573,0.496687650680542,0.8310815095901489
0.2054833471775055,0.26173537969589233,0.43964630365371704
0.18149372935295105,0.28703686594963074,0.5612506866455078
0.3288481533527374,0.3959828317165375,0.5929307341575623
0.9288010597229004,0.9271711111068726,0.9161782264709473
0.25810372829437256,0.3527829349040985,0.5878089666366577
0.06685468554496765,0.12224506586790085,0.44273680448532104
0.18889956176280975,0.28276291489601135,0.4888516962528229
0.2751811742782593,0.33269453048706055,0.6785998344421387
0.8144449591636658,0.8652966618537903,0.8570328950881958
0.1171574667096138,0.16825662553310394,0.5335049629211426
0.10771730542182922,0.18129535019397736,0.5084347724914551
0.8528810739517212,0.8548732995986938,0.9418522119522095
0.18149372935295105,0.28703686594963074,0.5612506866455078
0.4717484712600708,0.5041831135749817,0.7438883185386658
0.8736164569854736,0.9016247987747192,0.9415069818496704
0.30834296345710754,0.35207971930503845,0.6935704946517944
0.8249425888061523,0.8418493270874023,0.9427061080932617
0.5068336725234985,0.6016015410423279,0.8541553020477295
0.28562408685684204,0.31808555126190186,0.5990696549415588
0.11466389149427414,0.13628129661083221,0.37419039011001587
0.12145253270864487,0.18462154269218445,0.6298583745956421
0.22356142103672028,0.27290892601013184,0.4622509181499481
0.3361261785030365,0.4552772045135498,0.5820530652999878
0.16080476343631744,0.24722570180892944,0.4980226457118988
0.19563521444797516,0.3507480323314667,0.8781334757804871
0.42808273434638977,0.4978638291358948,0.7697235345840454
0.24606238305568695,0.36530840396881104,0.6197658181190491
0.143721804022789,0.25168436765670776,0.5505672097206116
0.8654899597167969,0.9392292499542236,0.922432005405426
0.6005663275718689,0.636781632900238,0.7893252372741699
0.8855403065681458,0.9154189229011536,0.8836622834205627
0.7050063610076904,0.6551966667175293,0.8311215043067932
0.9436037540435791,0.9530705809593201,0.9209800958633423
0.19103386998176575,0.23371224105358124,0.4836658835411072
0.7013651132583618,0.5924604535102844,0.8091316819190979
0.08471959829330444,0.2409503310918808,0.8022463917732239
0.1991102397441864,0.2539999783039093,0.7882035374641418
0.9239161610603333,0.883546769618988,0.9518168568611145
0.5812746286392212,0.5704623460769653,0.8538430333137512
0.5485261678695679,0.6041046380996704,0.9268766045570374
0.18480272591114044,0.3234890401363373,0.8353151082992554
0.5727256536483765,0.5830028057098389,0.9120610952377319
0.22752128541469574,0.3073243498802185,0.5430551767349243
0.3566417396068573,0.3986506760120392,0.49516022205352783
0.4260064959526062,0.5615423321723938,0.9120938181877136
0.3270580470561981,0.46325382590293884,0.646267831325531
0.1766144335269928,0.2608514130115509,0.6889879107475281
0.8713592886924744,0.9083713889122009,0.9124758243560791
0.7950978875160217,0.8310993909835815,0.950204074382782
0.23628483712673187,0.25582778453826904,0.47490745782852173
0.6235760450363159,0.6364558935165405,0.8713920712471008
0.08566448092460632,0.11999957263469696,0.3781629204750061
0.4423274099826813,0.47401368618011475,0.7767159938812256
0.3336215615272522,0.37131693959236145,0.6416530013084412
0.469988077878952,0.5266879200935364,0.9036604762077332
0.19348753988742828,0.29618045687675476,0.6883448958396912
0.7545015811920166,0.7405605316162109,0.8116440773010254
0.8079677224159241,0.8993604183197021,0.9570140838623047
0.1743101179599762,0.25174081325531006,0.5232325792312622
0.2905057668685913,0.2907903492450714,0.6860097050666809
0.5414960384368896,0.6351526379585266,0.7536329030990601
0.24270948767662048,0.2583698332309723,0.45150595903396606
0.701701283454895,0.7399924397468567,0.9023758172988892
0.7558619379997253,0.7387388348579407,0.8671253323554993
0.323280930519104,0.4211897552013397,0.6461675763130188
0.10763228684663773,0.22581686079502106,0.5786209106445312
0.09188304841518402,0.1867462545633316,0.5216937065124512
0.5533488988876343,0.5224114060401917,0.879384458065033
0.7296030521392822,0.7662627100944519,0.9329008460044861
0.3335239291191101,0.31526419520378113,0.5243281722068787
0.8205113410949707,0.9144901037216187,0.9216194152832031
0.4756636619567871,0.431510329246521,0.9107133150100708
0.8132960200309753,0.8518183827400208,0.9163280725479126
0.8359218239784241,0.8119888305664062,0.9159625172615051
0.18149372935295105,0.28703686594963074,0.5612506866455078
0.40733692049980164,0.4867076873779297,0.7823631763458252
0.052388980984687805,0.0527670718729496,0.741036593914032
0.7120304107666016,0.7326847314834595,0.8331693410873413
0.6749217510223389,0.7440201640129089,0.8748981356620789
0.06371932476758957,0.12613444030284882,0.41257309913635254
0.17943361401557922,0.33078113198280334,0.46621981263160706
0.38036206364631653,0.4270416498184204,0.6119696497917175
0.49893808364868164,0.6778576970100403,0.8580561876296997
0.7755123376846313,0.7100889682769775,0.8674563765525818
0.9364628791809082,0.9598948955535889,0.9721618890762329
0.4884515106678009,0.5269391536712646,0.6498244404792786
0.8318684101104736,0.8263408541679382,0.9169195294380188
0.35639676451683044,0.41173723340034485,0.655680239200592
0.8108502626419067,0.8278639316558838,0.9629358649253845
0.6751441359519958,0.7207242846488953,0.7182943820953369
0.45390331745147705,0.6196274757385254,0.8298137187957764
0.2618030309677124,0.28142741322517395,0.48345738649368286
0.9011784195899963,0.929169774055481,0.919571578502655
0.36602821946144104,0.36471793055534363,0.577085554599762
0.07768916338682175,0.27395015954971313,0.7392282485961914
0.38914406299591064,0.4338987469673157,0.7007560729980469
0.7730731964111328,0.7770247459411621,0.9223482608795166
0.8594955205917358,0.9019498229026794,0.8297907710075378
-0.005424231290817261,0.1183968111872673,0.6768233180046082
0.9198125004768372,0.9128770232200623,0.8152876496315002
0.21161125600337982,0.33740535378456116,0.6848154664039612
0.7839832305908203,0.854667067527771,0.9239509701728821
0.152058944106102,0.2132134884595871,0.5094593167304993
0.18149372935295105,0.28703686594963074,0.5612506866455078
0.5464240312576294,0.5681959390640259,0.716707170009613
0.282744437456131,0.3375036120414734,0.8985012173652649
0.8842234015464783,0.819688618183136,0.939376175403595
0.19071127474308014,0.23573152720928192,0.5949476361274719
0.7425322532653809,0.71380615234375,0.8481267690658569
0.701971709728241,0.7223082780838013,0.9220076203346252
0.44920897483825684,0.6084864735603333,0.9155427813529968
0.02172430232167244,0.09399237483739853,0.28944817185401917
0.6696803569793701,0.706195592880249,0.8402899503707886
0.7391294836997986,0.8592289090156555,0.957961916923523
0.5208415985107422,0.6023626327514648,0.9120036363601685
0.8874217867851257,0.9004142880439758,0.9107494354248047
-0.034604527056217194,0.11367689818143845,0.7582817077636719
0.61249178647995,0.6656262278556824,0.9007085561752319
0.49164143204689026,0.5514817237854004,0.7519655823707581
0.5190282464027405,0.5149650573730469,0.8864948153495789
0.8312992453575134,0.7606171369552612,0.9492654800415039
0.2735314965248108,0.3127219080924988,0.6327774524688721
0.5060108304023743,0.6077765226364136,0.8049004673957825
0.3117963969707489,0.3586609661579132,0.7678933143615723
0.19303403794765472,0.2677004039287567,0.4470336437225342
0.5978604555130005,0.6255282759666443,0.8865069150924683
0.13198143243789673,0.2786726653575897,0.71616530418396
0.522045373916626,0.5792995691299438,0.7980934381484985
0.015514110215008259,0.11676137894392014,0.3323342800140381
0.4607340097427368,0.48728200793266296,0.5793464779853821
0.2230468988418579,0.46877166628837585,0.6961629390716553
0.3333130478858948,0.412937730550766,0.5674468278884888
0.10429629683494568,0.18246470391750336,0.7375802397727966
0.2835003733634949,0.3579012453556061,0.6044592261314392
0.016545554623007774,0.10409122705459595,0.3962339758872986
0.4557114541530609,0.48880988359451294,0.6259278059005737
0.6439783573150635,0.6343764662742615,0.8633713722229004
0.39027664065361023,0.485344797372818,0.823356032371521
0.6385746598243713,0.6984450221061707,0.8382190465927124
0.8509713411331177,0.8771878480911255,0.8349505662918091
0.2294044941663742,0.33241063356399536,0.8153733015060425
0.18159227073192596,0.28752401471138,0.525370717048645
0.2895146310329437,0.39885541796684265,0.5126066207885742
0.38522958755493164,0.5480857491493225,0.8105700016021729
0.15537340939044952,0.15701836347579956,0.5909197330474854
0.5390670895576477,0.4986470937728882,0.8215077519416809
0.0448368601500988,0.17389677464962006,0.4658934772014618
0.49374091625213623,0.542138397693634,0.7568179965019226
0.415941447019577,0.4552633464336395,0.6649711728096008
0.07485093921422958,0.1294829398393631,0.3727671802043915
0.7333818674087524,0.8724761605262756,0.8590018153190613
0.17457354068756104,0.2297431379556656,0.3883976936340332
0.2973562180995941,0.40119075775146484,0.5665420889854431
0.35738104581832886,0.4491741955280304,0.7580642700195312
0.6628106832504272,0.6716572642326355,0.8884794116020203
0.022418465465307236,0.09909868240356445,0.5650639533996582
0.45791465044021606,0.44909387826919556,0.7583805918693542
0.13161562383174896,0.25123992562294006,0.5962573289871216
0.8410977125167847,0.8479236364364624,0.9194018840789795
0.41233354806900024,0.5194622278213501,0.8583353757858276
0.7814427018165588,0.8403252363204956,0.9295434355735779
0.30038726329803467,0.37360936403274536,0.6199046969413757
0.08139806985855103,0.17138688266277313,0.52421635389328
-0.039681002497673035,0.009656409732997417,0.24407705664634705
0.6245812177658081,0.7230475544929504,0.9200389385223389
0.3521804213523865,0.38179224729537964,0.5176114439964294
0.8256450891494751,0.8089848160743713,0.9597583413124084
0.3377991020679474,0.42459508776664734,0.7479460835456848
0.19507578015327454,0.22518086433410645,0.4086870551109314
0.6167879700660706,0.6375077366828918,0.8328484296798706
0.8050715923309326,0.8569970726966858,0.8844954371452332
0.36204808950424194,0.4897153973579407,0.6283344626426697
0.8183760643005371,0.8622395396232605,0.8797049522399902
0.2919188439846039,0.434035986661911,0.7295504808425903
0.47552490234375,0.47326233983039856,0.839937150478363
0.41173839569091797,0.3484967350959778,0.5785051584243774
0.07430116832256317,0.12113641947507858,0.3979836702346802
0.6189454793930054,0.6123225092887878,0.8079553842544556
0.15384361147880554,0.21274994313716888,0.36239302158355713
0.6086189150810242,0.6871146559715271,0.7354721426963806
0.17832857370376587,0.20002415776252747,0.4772842824459076
0.16709354519844055,0.17229460179805756,0.6489927172660828
0.17839404940605164,0.24650847911834717,0.31206774711608887
0.09886880964040756,0.1569523811340332,0.45652320981025696
0.7030947208404541,0.7852033972740173,0.8666345477104187
0.4686887562274933,0.49959394335746765,0.9159751534461975
0.485817551612854,0.5303255319595337,0.894656240940094
0.6050530076026917,0.6728528738021851,0.8387649655342102
0.5742735266685486,0.7146568298339844,0.782264769077301
0.1090397760272026,0.17712074518203735,0.5020085573196411
0.2020232230424881,0.26193928718566895,0.6744927763938904
0.11978790909051895,0.12964439392089844,0.8070442080497742
0.24045784771442413,0.2872267961502075,0.5072899460792542
0.10774494707584381,0.21551655232906342,0.5932522416114807
0.7018553018569946,0.6545405983924866,0.8971433639526367
0.43145856261253357,0.5210174918174744,0.766940712928772
0.48233258724212646,0.689781129360199,0.8538334369659424
0.1969635933637619,0.18015515804290771,0.45827099680900574
0.07383618503808975,0.13630925118923187,0.40681344270706177
0.7389929294586182,0.831027626991272,0.8777433633804321
0.6441705822944641,0.679764449596405,0.6708707213401794
0.8474540710449219,0.7984849214553833,0.8732263445854187
0.76894211769104,0.7894535660743713,0.8779156804084778
0.36838090419769287,0.48520931601524353,0.8629950284957886
0.05806327611207962,0.11109527945518494,0.28075817227363586
0.16666781902313232,0.2213524430990219,0.4416811168193817
0.08254044502973557,0.11932635307312012,0.3581719398498535
0.7016390562057495,0.7314451932907104,0.8297724723815918
0.8759490251541138,0.926762044429779,0.9393303990364075
0.5902254581451416,0.6580743193626404,0.8688698410987854
0.8553012013435364,0.7814289331436157,0.8536510467529297
0.24913497269153595,0.332682341337204,0.687065839767456
0.0765623152256012,0.0772978886961937,0.7367697954177856
0.8352785706520081,0.866548478603363,0.8899731636047363
0.11986517161130905,0.1854296624660492,0.3915410339832306
0.18149372935295105,0.28703686594963074,0.5612506866455078
0.4569739103317261,0.49724552035331726,0.6112362742424011
0.8532115817070007,0.8414719104766846,0.8279668688774109
0.08553846180438995,0.1953657567501068,0.47056305408477783
0.5846320390701294,0.6279727816581726,0.8366085290908813
0.0605771578848362,0.011394216679036617,0.40704354643821716
0.33313092589378357,0.40797704458236694,0.8547242283821106
0.45498672127723694,0.5892584323883057,0.7383749485015869
0.028363648802042007,0.09062574058771133,0.31050148606300354
0.4322172999382019,0.48408499360084534,0.7815257906913757
0.1477849781513214,0.306140661239624,0.38561248779296875
0.5042670965194702,0.5441673398017883,0.6695848703384399
0.8981871008872986,0.9117093682289124,0.8862699866294861
0.019597914069890976,0.06094900146126747,0.7099376916885376
0.4820250868797302,0.6616829633712769,0.9104851484298706
0.13159270584583282,0.30577367544174194,0.6762303113937378
0.45921939611434937,0.4934414327144623,0.47272729873657227
0.24316121637821198,0.28042319416999817,0.6970487236976624
0.38385462760925293,0.48800089955329895,0.722354531288147
0.0979103296995163,0.1968463510274887,0.43085378408432007
0.15820202231407166,0.23401066660881042,0.5079085230827332
0.9467558264732361,0.9548591375350952,0.9423345923423767
0.11737905442714691,0.1872105896472931,0.6663512587547302
0.5488618016242981,0.5265793204307556,0.7843424081802368
0.011602697893977165,0.10388848185539246,0.306455135345459
0.3594711124897003,0.4164782464504242,0.7984200119972229
0.8929015398025513,0.9039185643196106,0.9020761847496033
0.2547091245651245,0.30231669545173645,0.7104651927947998
0.859577476978302,0.8069660067558289,0.8937647342681885
0.15063844621181488,0.32139551639556885,0.46356919407844543
0.6322978138923645,0.8222076296806335,0.9328886270523071
0.32253703474998474,0.3680667579174042,0.8099818229675293
0.048256147652864456,0.1549452245235443,0.43342193961143494
0.2057213932275772,0.2920060157775879,0.5684158802032471
0.09557545930147171,0.17801594734191895,0.48157912492752075
0.18015199899673462,0.15681315958499908,0.37258201837539673
0.04562985152006149,0.1291540414094925,0.4692903757095337
0.4710828959941864,0.5246520042419434,0.7566518187522888
0.3711096942424774,0.44252294301986694,0.706147313117981
0.011938386596739292,0.14005276560783386,0.5955225229263306
0.18877963721752167,0.25994378328323364,0.7379641532897949
0.19154474139213562,0.2877350449562073,0.6375396847724915
0.1200796440243721,0.21358004212379456,0.5990961194038391
0.021573500707745552,0.1593189239501953,0.3860650360584259
0.19225263595581055,0.23895439505577087,0.36592957377433777
0.4251023828983307,0.5165424942970276,0.7869566082954407
0.7412915229797363,0.7266770005226135,0.854302704334259
0.40691080689430237,0.4408150315284729,0.5665726661682129
0.2804407477378845,0.38403356075286865,0.5854586958885193
0.790259599685669,0.7874755263328552,0.9287068247795105
0.14832785725593567,0.16263946890830994,0.6604668498039246
0.6655272841453552,0.6337310671806335,0.9390569925308228
0.8330914378166199,0.8481751084327698,0.9413792490959167
0.8265492916107178,0.8536756634712219,0.9292710423469543
0.7058946490287781,0.6884558796882629,0.8019997477531433
0.06197521835565567,0.12308691442012787,0.5147090554237366
0.46388182044029236,0.5450704097747803,0.5736324787139893
0.867928147315979,0.8619160056114197,0.8366648554801941
0.0954987183213234,0.2225048989057541,0.7197327017784119
0.7623574137687683,0.7540428638458252,0.8929711580276489
0.4775646924972534,0.7376495599746704,0.9207420349121094
0.2261504828929901,0.40215474367141724,0.780828058719635
0.9161224365234375,0.8712062239646912,0.9576740860939026
0.09843344986438751,0.2961817979812622,0.5308160781860352
0.3323870301246643,0.44174647331237793,0.8618050217628479
0.24379515647888184,0.34716346859931946,0.7441596984863281
0.624691903591156,0.6659553647041321,0.8844925165176392
0.5476502776145935,0.4781332314014435,0.8555676341056824
0.3768695294857025,0.39081498980522156,0.6317829489707947
0.34322720766067505,0.40801623463630676,0.6538058519363403
0.6912710666656494,0.7126322388648987,0.9582194685935974
0.41853591799736023,0.4523586332798004,0.7113174200057983
0.0036447446327656507,0.04724784940481186,0.31750208139419556
0.1272120475769043,0.20322099328041077,0.8196719288825989
0.22399106621742249,0.3064274489879608,0.5899214744567871
0.5433611869812012,0.5888277888298035,0.8129982948303223
0.7430437207221985,0.7873253226280212,0.8916659951210022
0.13697735965251923,0.14467190206050873,0.2883051633834839
0.29248812794685364,0.2318834811449051,0.8316717147827148
0.45026397705078125,0.4520578682422638,0.5924236178398132
0.8375706076622009,0.7470291256904602,0.9567821025848389
0.0017959624528884888,0.1002425029873848,0.3268968462944031
0.1492609977722168,0.2250799834728241,0.4314591586589813
0.23790483176708221,0.35056859254837036,0.612517237663269
0.18623346090316772,0.22945357859134674,0.47816774249076843
0.23405721783638,0.2979677617549896,0.9133005142211914
0.9336029887199402,0.9139818549156189,0.9360224008560181
0.9093391299247742,0.8883047699928284,0.8760677576065063
0.6246554255485535,0.7047731876373291,0.8919299244880676
0.0908820852637291,0.17568106949329376,0.596356987953186
0.2570396065711975,0.23553748428821564,0.6314618587493896
0.38822922110557556,0.41283726692199707,0.8684852719306946
0.10248583555221558,0.26904746890068054,0.5928894877433777
-0.018092766404151917,0.03639959916472435,0.3082234263420105
0.13059855997562408,0.23275981843471527,0.5323103070259094
0.11013516038656235,0.23341211676597595,0.5144335627555847
0.3997688889503479,0.4233887195587158,0.665073812007904
0.5484357476234436,0.6375666260719299,0.8790189027786255
0.09172826260328293,0.1934443861246109,0.7539331316947937
0.8850999474525452,0.8705564737319946,0.9521358013153076
0.4431268274784088,0.38259080052375793,0.8112760782241821
0.8704277873039246,0.8739596605300903,0.945726752281189
0.2573714554309845,0.2784176766872406,0.7394802570343018
0.24276259541511536,0.3611486256122589,0.6767411828041077
0.00921566877514124,0.15593142807483673,0.6770122051239014
0.09634899348020554,0.08669152110815048,0.48546484112739563
0.6325672268867493,0.6419726014137268,0.8298631310462952
0.43264591693878174,0.4675327241420746,0.7227834463119507
0.8875548839569092,0.8738167881965637,0.9004486799240112
0.1418149471282959,0.2006651759147644,0.5744512677192688
0.11136532574892044,0.24828346073627472,0.589375913143158
0.04628664627671242,0.09823985397815704,0.37024855613708496
0.388432115316391,0.4465670585632324,0.8075090646743774
0.14096978306770325,0.2603720426559448,0.5625258088111877
0.7479555606842041,0.7752107381820679,0.9535332322120667
0.662971556186676,0.6645978093147278,0.9201796054840088
0.8179128170013428,0.832050621509552,0.8741056323051453
0.4904427230358124,0.49500808119773865,0.6644182801246643
0.5252470970153809,0.6040302515029907,0.8125234842300415
0.3289864659309387,0.4008558988571167,0.7242291569709778
0.20741567015647888,0.22818908095359802,0.5518981218338013
0.528104841709137,0.596156656742096,0.7440675497055054
0.06161237508058548,0.155493825674057,0.6928728818893433
0.3156417906284332,0.408793568611145,0.8628749251365662
-0.0018613656284287572,0.0660252571105957,0.44386154413223267
0.41356927156448364,0.41536271572113037,0.49084407091140747
0.21189802885055542,0.3431609869003296,0.5999624133110046
0.18149372935295105,0.28703686594963074,0.5612506866455078
0.4837721586227417,0.469804048538208,0.6564775705337524
0.2120259404182434,0.3714171051979065,0.7516911625862122
0.8548832535743713,0.7646009922027588,0.9514065384864807
0.5438244342803955,0.5064850449562073,0.6804175972938538
0.2847015857696533,0.4188630282878876,0.8503940105438232
0.7977151274681091,0.7854886651039124,0.9092285633087158
0.8929056525230408,0.9290217757225037,0.7902109622955322
0.39880019426345825,0.4058312773704529,0.7253549098968506
0.1799783855676651,0.2464923858642578,0.6642271876335144
0.28648754954338074,0.2907762825489044,0.78903728723526
0.7481057643890381,0.7633004784584045,0.8496668338775635
0.17808230221271515,0.26718807220458984,0.6272939443588257
0.8328299522399902,0.8418815732002258,0.9628548622131348
0.3467520773410797,0.4006536304950714,0.5856021642684937
0.6503164768218994,0.6088570356369019,0.8708559274673462
0.12402211874723434,0.22159652411937714,0.7899118065834045
0.6012170314788818,0.6631508469581604,0.8801437616348267
0.511864185333252,0.5739836692810059,0.8127249479293823
0.8353322744369507,0.793485164642334,0.8881477117538452
0.9438056349754333,0.9488294720649719,0.9203474521636963
0.9070863723754883,0.9077024459838867,0.8810243606567383
0.8653411865234375,0.8838376402854919,0.8636424541473389
0.8355659246444702,0.9045103788375854,0.9133540391921997
0.4153968095779419,0.4211124777793884,0.39267706871032715
0.0050223651342093945,0.07633060216903687,0.437942773103714
0.17492429912090302,0.14712953567504883,0.48418691754341125
0.8574903607368469,0.9221554398536682,0.9422875642776489
0.8971717953681946,0.8484970927238464,0.8894031643867493
0.7415574789047241,0.6680271029472351,0.8680093884468079
0.6683685779571533,0.7131313681602478,0.8735759258270264
0.18448075652122498,0.25025278329849243,0.641277551651001
0.11010435968637466,0.14098647236824036,0.6269854307174683
0.9245794415473938,0.9286820888519287,0.9233790040016174
0.9616943001747131,0.9593080282211304,0.9582363963127136
0.7825552225112915,0.8064859509468079,0.9559610486030579
0.8157299757003784,0.7615745067596436,0.854666531085968
0.07388670742511749,0.12356812506914139,0.5280327796936035
0.43539750576019287,0.4670204818248749,0.6282684206962585
0.3091716766357422,0.3275643289089203,0.8256432414054871
0.5954790711402893,0.6820158958435059,0.7508652806282043
0.28379642963409424,0.3620668053627014,0.503206729888916
0.6101819276809692,0.6977186799049377,0.876358151435852
0.7730565071105957,0.8236829042434692,0.9104771614074707
0.034581150859594345,0.0995415672659874,0.3809918463230133
0.34155094623565674,0.38062989711761475,0.45609328150749207
0.17060314118862152,0.2417805939912796,0.7203795909881592
0.5904403924942017,0.6598890423774719,0.8720173835754395
0.05892577022314072,0.08453935384750366,0.29400157928466797
0.5886455774307251,0.7495216131210327,0.8226103782653809
0.5718065500259399,0.6424919962882996,0.7869909405708313
0.8045792579650879,0.8422879576683044,0.8831215500831604
0.24093948304653168,0.3068363070487976,0.6171870827674866
0.5357487797737122,0.583829402923584,0.8289943337440491
0.14985111355781555,0.2247096449136734,0.5272894501686096
0.1876523196697235,0.2140733301639557,0.44183969497680664
0.5032314658164978,0.5841706395149231,0.8701866865158081
0.2468215674161911,0.31738802790641785,0.4460868537425995
0.16500046849250793,0.2376737743616104,0.5504069924354553
-0.016011476516723633,0.038092322647571564,0.6353696584701538
0.5555121898651123,0.6023588180541992,0.9437907338142395
0.6611601114273071,0.6664219498634338,0.7104200720787048
0.2626246213912964,0.2641063630580902,0.41884633898735046
0.10081018507480621,0.23624487221240997,0.5789406299591064
0.48535946011543274,0.49590712785720825,0.8352550268173218
0.18169592320919037,0.28725841641426086,0.6506405472755432
0.12649936974048615,0.17405295372009277,0.5504194498062134
0.04134954884648323,0.10049841552972794,0.6800324320793152
0.7582509517669678,0.7946577072143555,0.8790943026542664
0.6832199096679688,0.7394136190414429,0.8995299935340881
0.24035058915615082,0.37094828486442566,0.7149919271469116
0.4793497920036316,0.47821691632270813,0.7681999802589417
0.8853046298027039,0.8704918622970581,0.8404164910316467
0.6274287700653076,0.5782433748245239,0.7917393445968628
0.8533596396446228,0.8536806702613831,0.9235748648643494
0.2795555889606476,0.32591739296913147,0.5705462098121643
0.15828557312488556,0.2518378496170044,0.6742278337478638
0.44338685274124146,0.4972572922706604,0.5836302042007446
0.4279317557811737,0.3447515070438385,0.8284756541252136
0.28259244561195374,0.31483298540115356,0.5423107147216797
0.7048274278640747,0.7324358820915222,0.9443606734275818
0.1320151835680008,0.2019612044095993,0.5049482583999634
0.7574535608291626,0.7265170216560364,0.8246106505393982
-0.019970713183283806,0.06620284914970398,0.48474618792533875
0.8167745471000671,0.769537091255188,0.8949792981147766
0.26310786604881287,0.40990450978279114,0.851321280002594
0.18149372935295105,0.28703686594963074,0.5612506866455078
0.3265966773033142,0.37142935395240784,0.5494598746299744
0.17790161073207855,0.29985594749450684,0.789941132068634
0.2769961953163147,0.3232648968696594,0.5591228008270264
0.11017574369907379,0.2139492630958557,0.4032512903213501
0.7953881025314331,0.7460958957672119,0.9116893410682678
0.7967419624328613,0.8608798980712891,0.8277304768562317
0.10468677431344986,0.23202921450138092,0.7048391699790955
0.491315633058548,0.6730620265007019,0.8639323711395264
0.36880141496658325,0.5102124810218811,0.6762169599533081
0.9585309624671936,0.957998514175415,0.9485283493995667
0.3109796643257141,0.36428678035736084,0.40605396032333374
0.5592026114463806,0.5856170654296875,0.8246638178825378
0.4674091935157776,0.4389757215976715,0.8017555475234985
0.5584467649459839,0.5682557225227356,0.7847362756729126
0.042872264981269836,0.1693020910024643,0.5806522965431213
0.21013309061527252,0.2654762864112854,0.5459868311882019
0.15188980102539062,0.19880308210849762,0.4798837900161743
0.40042778849601746,0.41363129019737244,0.5418473482131958
0.480866938829422,0.5674989223480225,0.8763105273246765
0.1718548685312271,0.33829277753829956,0.6547797918319702
0.2719792127609253,0.3297427296638489,0.7974796295166016
0.8831562399864197,0.8946049809455872,0.8677804470062256
0.18197858333587646,0.31934961676597595,0.6491528749465942
0.4337589740753174,0.568445086479187,0.9486445188522339
0.2270011603832245,0.36464694142341614,0.6661921143531799
0.402695894241333,0.36862483620643616,0.6457233428955078
0.17587773501873016,0.22494351863861084,0.3661157488822937
0.3577371835708618,0.39189279079437256,0.5411130785942078
0.341554194688797,0.3796544671058655,0.5466631650924683
0.8349474668502808,0.8677469491958618,0.759906530380249
0.25715601444244385,0.3036002218723297,0.46926259994506836
0.2505490481853485,0.35204917192459106,0.5485103726387024
0.4977512061595917,0.547892689704895,0.8760283589363098
0.8032005429267883,0.8649964928627014,0.968891978263855
0.2632424831390381,0.38784876465797424,0.6464492082595825
0.3935459852218628,0.5496360659599304,0.7938678860664368
0.27892744541168213,0.30524134635925293,0.6634012460708618
0.0996791273355484,0.19195689260959625,0.5055749416351318
0.21454954147338867,0.30464407801628113,0.5091032385826111
0.0964861735701561,0.23859547078609467,0.7116237878799438
0.12598158419132233,0.18518096208572388,0.4069669246673584
0.9270208477973938,0.9096272587776184,0.9186398386955261
0.8113846182823181,0.8441216945648193,0.8912891149520874
0.38772088289260864,0.37309780716896057,0.5304359197616577
0.4597131907939911,0.48869046568870544,0.570763111114502
0.7222298979759216,0.7663069367408752,0.9260807037353516
0.5074002742767334,0.5428882241249084,0.7154363393783569
0.6633520722389221,0.7315479516983032,0.9196327924728394
0.3666636347770691,0.4715278148651123,0.7355054020881653
0.23677046597003937,0.3391702175140381,0.5819870829582214
0.4802617132663727,0.5378115177154541,0.8271246552467346
0.2234513908624649,0.34358128905296326,0.656577467918396
0.1474461704492569,0.2280687391757965,0.5977967381477356
0.16055919229984283,0.22871029376983643,0.7256501317024231
0.22182472050189972,0.307067334651947,0.5741962790489197
0.29108503460884094,0.48265573382377625,0.7984527945518494
-0.008492285385727882,0.04073363542556763,0.6315243244171143
0.17108531296253204,0.248434379696846,0.5503718852996826
0.8998311758041382,0.9223143458366394,0.9434958696365356
0.3214307427406311,0.40833696722984314,0.8580379486083984
0.8069750070571899,0.8387234210968018,0.9736443161964417
0.056865546852350235,0.16594409942626953,0.7273065447807312
0.28700554370880127,0.40686872601509094,0.7626720070838928
0.6578765511512756,0.6392945051193237,0.7645339965820312
0.813067615032196,0.821208119392395,0.9045977592468262
0.17077088356018066,0.2709122598171234,0.6579113006591797
0.9646216630935669,0.9552993774414062,0.9368610382080078
0.8501912951469421,0.8840697407722473,0.9117768406867981
0.40894609689712524,0.44717028737068176,0.7404434680938721
0.928641676902771,0.951855480670929,0.978158175945282
0.5704613924026489,0.7049137353897095,0.759616494178772
0.1858275681734085,0.18743787705898285,0.5700888633728027
0.005779260769486427,0.10618337243795395,0.3059482276439667
0.0687820091843605,0.1568443328142166,0.5001569390296936
0.6147280931472778,0.7100364565849304,0.8412179946899414
0.7502651214599609,0.77370285987854,0.930838406085968
0.21413496136665344,0.2639442980289459,0.6494430303573608
0.18138639628887177,0.22871941328048706,0.5425011515617371
0.3383257985115051,0.3675335645675659,0.5462580323219299
0.8649738430976868,0.783190131187439,0.8760042786598206
0.8375714421272278,0.8659771680831909,0.7663931250572205
0.822943925857544,0.7350248098373413,0.8536060452461243
0.21527539193630219,0.21949277818202972,0.28950056433677673
0.5039001107215881,0.5363833904266357,0.737266480922699
0.6472330093383789,0.7543749213218689,0.8020365834236145
0.2969684302806854,0.41629719734191895,0.8086040019989014
0.6017716526985168,0.6272912621498108,0.6998181939125061
0.8540219068527222,0.9287955164909363,0.8981322050094604
0.3658672869205475,0.39453479647636414,0.5850703120231628
0.7940130233764648,0.8375270366668701,0.8691321015357971
0.15085700154304504,0.3960017263889313,0.5790234804153442
0.8656057715415955,0.9277878403663635,0.9634429216384888
0.19824491441249847,0.2776012718677521,0.7365154027938843
0.020871158689260483,0.07932829856872559,0.5471081137657166
0.03637947142124176,0.05942276865243912,0.41728901863098145
0.312109112739563,0.43868300318717957,0.7709194421768188
0.4523598253726959,0.5737949013710022,0.8087648749351501
0.8547179102897644,0.8456434011459351,0.8358508944511414
0.19012117385864258,0.3003143072128296,0.6946008801460266
0.12438374012708664,0.13944479823112488,0.31859707832336426
0.8141056895256042,0.8569991588592529,0.8512403964996338
0.9027620553970337,0.9334120154380798,0.956861138343811
0.2042342871427536,0.24015097320079803,0.5871602892875671
0.28485947847366333,0.36578911542892456,0.5596784353256226
0.382464200258255,0.4701851010322571,0.7743236422538757
0.2908877730369568,0.4814123809337616,0.6645443439483643
0.2572426497936249,0.2814441919326782,0.5277221202850342
0.7202646732330322,0.7720012664794922,0.9098858833312988
0.10785509645938873,0.2388574182987213,0.7789989113807678
0.19477532804012299,0.3105451762676239,0.6788451075553894
0.09506243467330933,0.1312701255083084,0.5365706086158752
0.9112326502799988,0.8904517889022827,0.900865912437439
0.0459209568798542,0.09990815073251724,0.35132718086242676
0.9102028608322144,0.9290309548377991,0.8592250347137451
0.16199125349521637,0.20962347090244293,0.624457597732544
0.10242551565170288,0.1857227236032486,0.489891916513443
0.4977512061595917,0.547892689704895,0.8760283589363098
0.22103135287761688,0.32372263073921204,0.6109132170677185
0.8869730830192566,0.8253830671310425,0.936155378818512
0.1830010861158371,0.23612280189990997,0.4467640519142151
0.32935580611228943,0.43767887353897095,0.6713386178016663
0.1402701437473297,0.17707030475139618,0.6090028882026672
0.4207160472869873,0.48666656017303467,0.7076906561851501
0.5264094471931458,0.5786285996437073,0.7387183308601379
0.6795250773429871,0.7368090748786926,0.9355460405349731
0.48240742087364197,0.5580362677574158,0.6881122589111328
0.8613172173500061,0.9033811092376709,0.929314911365509
0.1774548441171646,0.24191823601722717,0.6822456121444702
0.8344137072563171,0.8829599618911743,0.8885802030563354
0.1156175434589386,0.2351248562335968,0.6221115589141846
0.10358269512653351,0.18533851206302643,0.44110867381095886
0.48584842681884766,0.44035208225250244,0.7974084615707397
0.06816178560256958,0.17213629186153412,0.5607671141624451
0.20471490919589996,0.3067277669906616,0.6301019787788391
0.19504179060459137,0.24445833265781403,0.6033055186271667
0.41746777296066284,0.44246426224708557,0.7783499956130981
0.23050431907176971,0.3210238516330719,0.5986284613609314
0.2230098992586136,0.29693126678466797,0.6065624356269836
0.8325296640396118,0.8470011949539185,0.8983163237571716
0.20499174296855927,0.26451557874679565,0.3998374342918396
0.7297434210777283,0.7613299489021301,0.9256706237792969
0.29620200395584106,0.47735917568206787,0.8271257877349854
0.5019081830978394,0.5450906157493591,0.8823257684707642
0.3627100884914398,0.3632147014141083,0.7918794751167297
0.3960006833076477,0.5090368986129761,0.6540006399154663
0.335608571767807,0.37508252263069153,0.6106717586517334
0.44348809123039246,0.5083743333816528,0.8093807101249695
0.9575204849243164,0.9500983953475952,0.9312404990196228
0.8086774945259094,0.826336681842804,0.9489639401435852
0.15345530211925507,0.19059781730175018,0.6790107488632202
0.8577520251274109,0.8705493211746216,0.9318504929542542
0.13351663947105408,0.1688728630542755,0.5464085936546326
0.888137698173523,0.9080331921577454,0.8646119236946106
0.6639677286148071,0.7140729427337646,0.8662573099136353
0.044518034905195236,0.06482070684432983,0.33573469519615173
0.5144451260566711,0.6644645929336548,0.7854227423667908
0.7572714686393738,0.7882653474807739,0.803719162940979
0.0907488763332367,0.09959632158279419,0.3205811381340027
0.051992207765579224,0.13800853490829468,0.6003764867782593
0.7928444743156433,0.8173859715461731,0.9099627137184143
0.07461698353290558,0.06307972967624664,0.28472021222114563
0.15696561336517334,0.19220609962940216,0.5528643131256104
1.0,1.0,1.0
0.27188071608543396,0.39143815636634827,0.8110419511795044
0.5218232870101929,0.6120193004608154,0.7974086999893188
0.17521055042743683,0.17424865067005157,0.455122172832489
0.8600201606750488,0.8519060611724854,0.9158591628074646
0.2890227735042572,0.4054238200187683,0.7215998768806458
0.6465602517127991,0.6381146311759949,0.934809684753418
0.6942014098167419,0.7178143262863159,0.8331155180931091
0.8753193020820618,0.8812734484672546,0.9324194192886353
0.8993461728096008,0.9064921736717224,0.9283424019813538
0.41914910078048706,0.4276087284088135,0.6521787643432617
0.6481324434280396,0.653819739818573,0.8242625594139099
0.48184555768966675,0.5099378824234009,0.746453583240509
0.212803453207016,0.30303165316581726,0.6122090816497803
0.5840715765953064,0.5193030834197998,0.5957732796669006
-0.012403199449181557,0.07694018632173538,0.4197326898574829
0.9067500233650208,0.9461407661437988,0.9462941288948059
0.10673779249191284,0.15506404638290405,0.34773731231689453
0.644887387752533,0.6300461292266846,0.7394887208938599
0.23903807997703552,0.312347412109375,0.6243599653244019
0.4234583377838135,0.40983253717422485,0.5780011415481567
0.2334582358598709,0.22454258799552917,0.5548617839813232
0.07861800491809845,0.18090181052684784,0.38095587491989136
0.47228696942329407,0.4757535457611084,0.7630186676979065
0.35439735651016235,0.4055102467536926,0.7977932095527649
0.5834472179412842,0.6958701014518738,0.7626445293426514
0.7227627038955688,0.7967310547828674,0.8547257781028748
0.547359824180603,0.6218931674957275,0.8185965418815613
0.6548862457275391,0.6882539391517639,0.8163015842437744
-0.05290582403540611,-0.04331148788332939,0.338786244392395
0.20247896015644073,0.20954561233520508,0.5894978046417236
0.2537345886230469,0.3503742218017578,0.5992971658706665
0.3631265163421631,0.4420766234397888,0.6666446328163147
0.06341803073883057,0.1535995602607727,0.5130429863929749
0.3673154413700104,0.41965216398239136,0.6432619690895081
0.07987389713525772,0.18309439718723297,0.5853543877601624
0.06121399253606796,0.17697808146476746,0.56718510389328
0.18149372935295105,0.28703686594963074,0.5612506866455078
0.04217972606420517,0.17266613245010376,0.5675806999206543
0.4504176378250122,0.4508105218410492,0.8026989102363586
0.7722609043121338,0.8307313919067383,0.8080816864967346
0.9278222918510437,0.9666450023651123,0.96907639503479
0.1704123616218567,0.2433360368013382,0.4921784996986389
0.8501762747764587,0.915095865726471,0.9136427640914917
0.08287955075502396,0.1304302215576172,0.255615234375
0.7050262093544006,0.6171004176139832,0.8824939131736755
0.2016063630580902,0.28202855587005615,0.4978957176208496
0.39595067501068115,0.43324488401412964,0.6808097958564758
0.17752757668495178,0.23905524611473083,0.5325092673301697
0.038268543779850006,0.08008527010679245,0.42983385920524597
0.4551226794719696,0.5302121639251709,0.8651949763298035
0.844868004322052,0.8811425566673279,0.9154744744300842
0.025440320372581482,0.12560628354549408,0.4363323152065277
0.747993528842926,0.8058270215988159,0.8635004758834839
0.47250261902809143,0.5823708176612854,0.6547247767448425
0.4738152027130127,0.6019635200500488,0.8247638940811157
0.7846149206161499,0.7867700457572937,0.8790493607521057
0.22428247332572937,0.2530551850795746,0.510857105255127
0.25660282373428345,0.3114672303199768,0.5575545430183411
0.571426272392273,0.5233483910560608,0.8234664797782898
0.16892807185649872,0.34282657504081726,0.7545081377029419
0.06460399925708771,0.18251240253448486,0.5103039741516113
0.2384503334760666,0.2892433702945709,0.4119461476802826
0.9148555994033813,0.9209484457969666,0.8935260772705078
0.1922844797372818,0.2613781690597534,0.4853251576423645
0.6759850382804871,0.6329280734062195,0.7845303416252136
0.06708815693855286,0.19126972556114197,0.6111152172088623
0.22732096910476685,0.31403815746307373,0.49569758772850037
0.7976682782173157,0.867788553237915,0.892325758934021
0.2849304974079132,0.30671122670173645,0.4951034188270569
0.2843458950519562,0.2945789694786072,0.3766849935054779
0.13370519876480103,0.15180754661560059,0.4416731297969818
0.5748410820960999,0.651382565498352,0.909034788608551
0.053809501230716705,0.08113452792167664,0.4005391597747803
0.523964524269104,0.6469534635543823,0.9130209684371948
0.21332252025604248,0.2753256559371948,0.530068039894104
0.2098422348499298,0.24296849966049194,0.41030624508857727
0.8791651725769043,0.8794785141944885,0.8542250394821167
0.29869917035102844,0.34522756934165955,0.540076732635498
0.5347008109092712,0.5752710103988647,0.7831510901451111
0.3835395276546478,0.4569471478462219,0.7260318994522095
0.12221893668174744,0.22206801176071167,0.6790181398391724
0.600479781627655,0.6484311819076538,0.6899788975715637
0.8432762622833252,0.8484920859336853,0.9162573218345642
0.87546306848526,0.9063245058059692,0.9414265155792236
0.8379930853843689,0.8559551239013672,0.8830406069755554
0.11068733781576157,0.1759839653968811,0.3756394386291504
0.7867157459259033,0.7693793177604675,0.932497501373291
0.7214951515197754,0.7795664668083191,0.9295939803123474
0.09626811742782593,0.16538888216018677,0.41585513949394226
0.3393824100494385,0.3914239704608917,0.6748960614204407
0.35999998450279236,0.4403170943260193,0.6946281790733337
0.08562088012695312,0.12046939134597778,0.3569813668727875
0.18843916058540344,0.33794161677360535,0.7718806862831116
0.18838268518447876,0.22724278271198273,0.7688913345336914
0.4489468038082123,0.485615998506546,0.5962057709693909
0.8167222738265991,0.7734101414680481,0.9025076031684875
-0.004861548542976379,0.05109032616019249,0.3911673128604889
0.4345232844352722,0.44837579131126404,0.7731190323829651
0.6012462973594666,0.5663500428199768,0.8828495740890503
0.7392283082008362,0.7076898217201233,0.8513776659965515
0.22599561512470245,0.2355956882238388,0.5899614095687866
0.35547173023223877,0.38998550176620483,0.8202391862869263
0.7986897826194763,0.8790432810783386,0.909554123878479
0.20630329847335815,0.29287004470825195,0.5807590484619141
0.2501600980758667,0.2121041715145111,0.39260056614875793
0.1611219346523285,0.25477322936058044,0.6282621026039124
0.056707918643951416,0.15303899347782135,0.48135122656822205
0.5926060080528259,0.6061071753501892,0.8433224558830261
0.7867082953453064,0.8362395763397217,0.9355924129486084
0.22267958521842957,0.21471774578094482,0.44482147693634033
0.1023280993103981,0.1995367556810379,0.5652501583099365
0.12649419903755188,0.17622409760951996,0.575515627861023
0.3325384855270386,0.3566504120826721,0.8661855459213257
0.5968458652496338,0.6637623310089111,0.8090876936912537
0.5446500778198242,0.5940030217170715,0.8154785633087158
0.8749203085899353,0.8470667600631714,0.9309672713279724
0.31267401576042175,0.313200980424881,0.5568669438362122
0.8104985952377319,0.764319658279419,0.8645825982093811
0.04906107485294342,0.10249818861484528,0.25792741775512695
0.7574074864387512,0.7083669304847717,0.7945554256439209
0.8963358402252197,0.8936157822608948,0.9180864095687866
0.5122143626213074,0.5262198448181152,0.7727075219154358
0.3178563416004181,0.44633036851882935,0.8638945817947388
0.4439746141433716,0.4671415090560913,0.6353726387023926
0.43684935569763184,0.6098693609237671,0.7533301711082458
0.549470067024231,0.5888753533363342,0.8358801603317261
0.2682129740715027,0.4228689968585968,0.567807674407959
0.5898885130882263,0.6610388159751892,0.8642358779907227
0.12309204041957855,0.20405501127243042,0.5750607252120972
0.0637817531824112,0.16370537877082825,0.48346373438835144
0.20313355326652527,0.2791267931461334,0.5857442021369934
0.4279473125934601,0.44600751996040344,0.7698299288749695
0.6027149558067322,0.5807884931564331,0.9399126172065735
0.3799592852592468,0.43318971991539,0.8407209515571594
0.139848992228508,0.24003224074840546,0.6178253889083862
0.3358948528766632,0.4690838158130646,0.7541804909706116
0.1304798275232315,0.2047215700149536,0.5291944146156311
0.1782698631286621,0.329948753118515,0.6736253499984741
0.17256096005439758,0.28439560532569885,0.5155338048934937
0.24472150206565857,0.27610015869140625,0.6104586124420166
0.5662869811058044,0.6547483205795288,0.9051139950752258
0.8797426819801331,0.8851902484893799,0.9087291955947876
0.13047590851783752,0.16843052208423615,0.629837155342102
0.13975386321544647,0.29975569248199463,0.618559718132019
0.3109796643257141,0.36428678035736084,0.40605396032333374
0.8491478562355042,0.8558980226516724,0.846869945526123
0.05400223284959793,0.09319368749856949,0.2660195529460907
0.888369083404541,0.9058948159217834,0.9524150490760803
0.5219534039497375,0.5480446815490723,0.7186955213546753
0.6566310524940491,0.6213899850845337,0.7940034866333008
0.10319068282842636,0.154654860496521,0.5831030607223511
0.3050439655780792,0.42194896936416626,0.7855607271194458
0.49200353026390076,0.5159137845039368,0.7792103290557861
0.5259003043174744,0.5880331993103027,0.65437251329422
0.824693500995636,0.8679682016372681,0.893423318862915
0.2618248164653778,0.32385388016700745,0.5073078274726868
0.7065391540527344,0.7972055077552795,0.9084240198135376
0.27339041233062744,0.38981524109840393,0.8260902762413025
0.4215279817581177,0.48737290501594543,0.9109868407249451
0.4872019290924072,0.547113835811615,0.792239248752594
0.7499122023582458,0.756757915019989,0.874088704586029
0.290139377117157,0.3549829423427582,0.8421586155891418
0.15585051476955414,0.23197245597839355,0.7289779782295227
0.28528282046318054,0.3172699213027954,0.852096676826477
0.06920327991247177,0.15402747690677643,0.5865809321403503
0.6261701583862305,0.7182208299636841,0.863420844078064
0.34894031286239624,0.4385409355163574,0.8721882700920105
0.22516702115535736,0.25524577498435974,0.6537654399871826
0.4229346215724945,0.46705204248428345,0.6206371188163757
0.30748119950294495,0.3395247459411621,0.4907434284687042
0.7932144403457642,0.757229208946228,0.7640796899795532
0.0076052783988416195,0.06997806578874588,0.28414228558540344
0.37478286027908325,0.40995052456855774,0.8162046670913696
0.8747501373291016,0.9087485074996948,0.9394570589065552
0.0814373567700386,0.17319542169570923,0.37201327085494995
0.2196817696094513,0.316796213388443,0.5364782214164734
0.4224577844142914,0.43352943658828735,0.71953946352005
0.2762177884578705,0.2979121804237366,0.5839226245880127
0.05469762906432152,0.12155535072088242,0.39728832244873047
0.3728926181793213,0.3555477261543274,0.7624863386154175
0.2676225006580353,0.3211958706378937,0.6251725554466248
0.5454078316688538,0.6269044876098633,0.8265972137451172
0.2666001617908478,0.4963533878326416,0.7130776047706604
0.23382529616355896,0.3026800751686096,0.656232476234436
0.5738556981086731,0.5646430850028992,0.9231423139572144
0.8332645297050476,0.8704622983932495,0.9223888516426086
0.868674099445343,0.8621929883956909,0.9153189063072205
0.38442403078079224,0.543591320514679,0.8302631974220276
0.09242085367441177,0.1315363198518753,0.4490651488304138
0.031398363411426544,0.09385564178228378,0.5875400304794312
0.8669381141662598,0.863448441028595,0.9645680785179138
0.07752577215433121,0.1614733189344406,0.3311823308467865
0.7431343793869019,0.8600376844406128,0.9545504450798035
0.07388048619031906,0.15177342295646667,0.715086042881012
0.5012895464897156,0.6706112623214722,0.91233891248703
0.41430559754371643,0.4738854765892029,0.6314578056335449
0.44880545139312744,0.5860867500305176,0.9546242356300354
0.9093378186225891,0.9366275072097778,0.9342864155769348
0.6012462973594666,0.5663500428199768,0.8828495740890503
0.8948286771774292,0.903772234916687,0.9524023532867432
0.15367256104946136,0.19397953152656555,0.3743596076965332
0.09241950511932373,0.14473338425159454,0.46078193187713623
0.535158634185791,0.5519028306007385,0.6923341155052185
0.08378894627094269,0.10254397243261337,0.43098703026771545
0.12812654674053192,0.23402194678783417,0.6913830637931824
0.5680859088897705,0.7256839275360107,0.8754568696022034
0.8298333287239075,0.927156388759613,0.9610294103622437
0.9129066467285156,0.9235022664070129,0.9241704940795898
0.4572826027870178,0.5033999085426331,0.8289742469787598
0.44402840733528137,0.47679275274276733,0.7465783357620239
0.4520673453807831,0.48492559790611267,0.8240894675254822
0.7254253625869751,0.7445909380912781,0.8805973529815674
0.016011929139494896,0.04944780841469765,0.6704462170600891
0.6205416917800903,0.6274382472038269,0.8728896379470825
0.8366343975067139,0.8532823324203491,0.8750270009040833
0.04993143677711487,0.14038556814193726,0.4230693280696869
0.8696717619895935,0.8205834627151489,0.9218966960906982
0.6598141193389893,0.6825941205024719,0.7827898263931274
0.13907285034656525,0.20153017342090607,0.5009890794754028
0.8775234222412109,0.8126705288887024,0.8733075261116028
0.35503944754600525,0.44468018412590027,0.7364968061447144
0.2509137988090515,0.3412815034389496,0.730135440826416
0.3259392976760864,0.3147226870059967,0.6855925917625427
0.26222750544548035,0.4887729585170746,0.7230851054191589
0.9163389801979065,0.9239967465400696,0.8901345133781433
0.812753438949585,0.8411852717399597,0.9479597806930542
0.18989989161491394,0.32944437861442566,0.7489794492721558
0.6491448283195496,0.6535446047782898,0.8111379146575928
0.15440627932548523,0.28124091029167175,0.454171359539032
0.21209608018398285,0.2660122513771057,0.5798898935317993
0.6477739810943604,0.667597234249115,0.7876723408699036
0.15971863269805908,0.2976524233818054,0.4850912392139435
0.5433109998703003,0.6170461177825928,0.9047027826309204
0.5818976163864136,0.654403805732727,0.7440233826637268
0.5373069643974304,0.5843064188957214,0.7629951238632202
0.2727881073951721,0.3741808235645294,0.6910814046859741
0.001681744703091681,0.06734243780374527,0.4383925497531891
0.0752662718296051,0.10539968311786652,0.2320905327796936
0.6888343095779419,0.612982451915741,0.7486217021942139
0.3944379389286041,0.45858198404312134,0.7516798377037048
0.09033819288015366,0.2197628766298294,0.4866596758365631
0.27180448174476624,0.3330860137939453,0.5232061147689819
0.6930683851242065,0.6525371074676514,0.9080207347869873
0.09218591451644897,0.04415431246161461,0.4363877773284912
0.22820092737674713,0.29428738355636597,0.5338660478591919
0.08704745024442673,0.13412563502788544,0.36602461338043213
0.44157156348228455,0.5100968480110168,0.6784297823905945
0.3774508535861969,0.3852607011795044,0.6275063157081604
0.65248703956604,0.648454487323761,0.9419865012168884
0.6998406648635864,0.7136614322662354,0.8762545585632324
0.3222357928752899,0.46555569767951965,0.6437433958053589
0.4319690763950348,0.5005697011947632,0.593184769153595
0.69136643409729,0.7714029550552368,0.93460613489151
0.05896865203976631,0.1714887171983719,0.546434760093689
0.14087797701358795,0.1954343467950821,0.7252907752990723
0.5418269038200378,0.5588451027870178,0.6453933715820312
0.35731029510498047,0.43127182126045227,0.6716181039810181
0.1388721913099289,0.2224448025226593,0.7371624112129211
0.06435035914182663,0.1304427981376648,0.5123724341392517
0.7436240315437317,0.7813481688499451,0.9104003310203552
0.8622053861618042,0.8153207302093506,0.9279205799102783
0.3376849293708801,0.41257449984550476,0.9083741903305054
0.07962272316217422,0.14634093642234802,0.4214004874229431
0.2381533831357956,0.2175523042678833,0.5806576013565063
0.7618656158447266,0.7948034405708313,0.8736622333526611
0.8825972676277161,0.8887314200401306,0.921546220779419
0.01478513889014721,0.08632440865039825,0.2915932834148407
0.6950331330299377,0.665222704410553,0.9215641617774963
0.27011987566947937,0.28680646419525146,0.7639540433883667
0.41060811281204224,0.474514365196228,0.5991186499595642
0.5182501077651978,0.5231401324272156,0.6951122283935547
0.6110369563102722,0.6506693363189697,0.8304072618484497
0.22439995408058167,0.3152448534965515,0.6119016408920288
0.662660539150238,0.6904889941215515,0.8380712270736694
0.26481056213378906,0.3639559745788574,0.5322538018226624
0.0333239920437336,0.09717875719070435,0.6219329833984375
0.8049783706665039,0.8021528124809265,0.920600950717926
0.7017914652824402,0.7793474793434143,0.8426800966262817
0.49133557081222534,0.5813676714897156,0.7614960670471191
0.3342839181423187,0.3731388449668884,0.6770978569984436
0.1110290139913559,0.13657426834106445,0.3890387713909149
0.6821093559265137,0.6160940527915955,0.8019791841506958
0.24914409220218658,0.342612087726593,0.7063547372817993
0.8602502942085266,0.8341607451438904,0.9053924679756165
0.8074269890785217,0.7845298647880554,0.8327785134315491
0.1651003062725067,0.26643916964530945,0.5986798405647278
0.09803349524736404,0.1699836701154709,0.42865973711013794
0.6209648251533508,0.6763171553611755,0.856355607509613
0.11628543585538864,0.21452105045318604,0.7755919098854065
0.12130847573280334,0.1600172370672226,0.3756521940231323
0.10856541246175766,0.18724986910820007,0.5262247920036316
0.3885005712509155,0.4181188642978668,0.5617021322250366
0.20277707278728485,0.3226381540298462,0.6406177282333374
0.563362717628479,0.6093810200691223,0.7758124470710754
0.0181661918759346,0.07589173316955566,0.45808160305023193
0.6740409731864929,0.594095766544342,0.7863978147506714
0.7434115409851074,0.7501703500747681,0.8294506669044495
0.15391260385513306,0.1377665400505066,0.6534358859062195
0.8301345705986023,0.8035947680473328,0.8744440078735352
0.7888137102127075,0.7816712260246277,0.9049187302589417
0.40322145819664,0.5761682987213135,0.872259259223938
0.12108131498098373,0.18888713419437408,0.37854841351509094
0.29477548599243164,0.37077808380126953,0.7866695523262024
0.8443842530250549,0.8881117105484009,0.9438304305076599
0.6173507571220398,0.5946892499923706,0.8115359544754028
0.41601723432540894,0.4965684711933136,0.8783156275749207
0.3779507279396057,0.4158622622489929,0.6048113703727722
0.04937092587351799,0.13813263177871704,0.3722625970840454
0.9139978289604187,0.9075484871864319,0.9285994172096252
0.17076700925827026,0.4120514690876007,0.6906856298446655
0.7568082213401794,0.7552401423454285,0.8518859148025513
0.4256553649902344,0.4913769066333771,0.9192251563072205
0.9863336682319641,0.9567517638206482,0.9091329574584961
0.36712774634361267,0.3969223201274872,0.7530423998832703
0.7647876143455505,0.7786960601806641,0.9139122366905212
0.6542137265205383,0.5451567769050598,0.6634675860404968
0.02794867940247059,0.07008492201566696,0.4221360683441162
0.622992217540741,0.6432177424430847,0.8413574695587158
0.38105612993240356,0.45050933957099915,0.6396855711936951
0.737241268157959,0.7854488492012024,0.9432734251022339
0.0991094559431076,0.18799129128456116,0.44876793026924133
0.7138242125511169,0.7041019201278687,0.830007016658783
0.22672928869724274,0.271074503660202,0.5899569392204285
0.14979428052902222,0.23419369757175446,0.6262462735176086
0.700981616973877,0.5680143237113953,0.7586956024169922
0.44572868943214417,0.4449254870414734,0.5574034452438354
0.6813870072364807,0.7122058272361755,0.886252760887146
0.6756744980812073,0.8250242471694946,0.9806331992149353
0.5849047899246216,0.5832058191299438,0.8037506341934204
0.38992851972579956,0.4559534192085266,0.8165953159332275
0.7883486747741699,0.7550603747367859,0.949322521686554
0.3498810827732086,0.3636401891708374,0.540045976638794
0.4526776671409607,0.4235946834087372,0.844946563243866
0.7313539385795593,0.7646545767784119,0.8144950866699219
0.8100583553314209,0.7977554202079773,0.8412687182426453
0.12075378000736237,0.1973835527896881,0.7043851017951965
0.8374466896057129,0.8674593567848206,0.9190136194229126
0.027589548379182816,0.06964502483606339,0.3700568675994873
0.3531179130077362,0.419954776763916,0.76942378282547
0.13318997621536255,0.22896192967891693,0.6041262745857239
0.3199806809425354,0.4029776453971863,0.5088792443275452
-0.12073712050914764,-0.07268905639648438,0.22690480947494507
0.1073387935757637,0.2906532287597656,0.5247872471809387
0.42519107460975647,0.4391481280326843,0.6633747220039368
0.05377668887376785,0.09494280070066452,0.6104209423065186
0.4996890723705292,0.5263518691062927,0.8750877976417542
0.1286148577928543,0.23383177816867828,0.4976142942905426
0.7543537616729736,0.7578479051589966,0.8569177985191345
0.759904146194458,0.7371596097946167,0.8413798213005066
0.6741941571235657,0.6815435290336609,0.8559131622314453
0.6319779753684998,0.7517615556716919,0.7811967134475708
0.8490340113639832,0.8945662975311279,0.9430955052375793
0.7580414414405823,0.6493169665336609,0.7881640195846558
0.1660955846309662,0.23403054475784302,0.4363771975040436
0.49551451206207275,0.558619499206543,0.7094175219535828
0.2961971163749695,0.33761411905288696,0.6447630524635315
0.8035117983818054,0.766677975654602,0.897891104221344
0.21905933320522308,0.2945777177810669,0.6340484619140625
0.10066027194261551,0.2024238556623459,0.600229024887085
0.7518517374992371,0.8225136399269104,0.9071211218833923
0.08599410206079483,0.17414191365242004,0.48045244812965393
0.2057478427886963,0.28723615407943726,0.7525429129600525
0.2162303477525711,0.29287001490592957,0.8837233781814575
0.43551144003868103,0.4751124083995819,0.5735814571380615
0.5207558870315552,0.595869243144989,0.8443384170532227
0.41029787063598633,0.42689675092697144,0.6253411769866943
0.3708656132221222,0.5230100750923157,0.8177322149276733
0.3142088055610657,0.34812936186790466,0.4047098159790039
0.9294033050537109,0.9487746357917786,0.9367322325706482
0.0819953978061676,0.14175687730312347,0.6061654686927795
0.35992246866226196,0.39964061975479126,0.5826433897018433
0.11885315924882889,0.13820843398571014,0.6166200041770935
0.71108078956604,0.6618067622184753,0.7377920150756836
0.07699039578437805,0.059562183916568756,0.2563154101371765
0.20046855509281158,0.24103093147277832,0.5641491413116455
0.1917663961648941,0.24142234027385712,0.6888152360916138
0.3111098110675812,0.3320559859275818,0.5315634608268738
0.7756484746932983,0.8127581477165222,0.8704617619514465
0.4752393960952759,0.5597243905067444,0.808091938495636
0.151124969124794,0.1874755620956421,0.44710031151771545
0.14096978306770325,0.2603720426559448,0.5625258088111877
0.125477597117424,0.17817379534244537,0.4946135878562927
0.6618494987487793,0.7286635637283325,0.9245669841766357
0.14091283082962036,0.1963183581829071,0.4472651183605194
0.6123769879341125,0.7182430624961853,0.8488144278526306
0.5242934823036194,0.5819317102432251,0.8102937936782837
0.8359873294830322,0.8399786949157715,0.7846247553825378
0.8469300866127014,0.8653347492218018,0.8911110162734985
0.8797115683555603,0.9175290465354919,0.8861255049705505
0.5618034601211548,0.8153812289237976,0.9321295022964478
0.2517286241054535,0.30643755197525024,0.6837063431739807
0.1376640498638153,0.2106773555278778,0.4995342791080475
0.32440608739852905,0.40396425127983093,0.7391003966331482
0.2101864218711853,0.2487107515335083,0.5632041096687317
0.9651440382003784,0.9599205851554871,0.9600279927253723
0.8555763363838196,0.8187978267669678,0.8841566443443298
0.8980777859687805,0.8441469669342041,0.9015792608261108
0.8307541608810425,0.8632735013961792,0.9601466655731201
0.48604822158813477,0.5336074233055115,0.7493724226951599
0.1564731001853943,0.1991480588912964,0.5200300812721252
0.12145553529262543,0.22355623543262482,0.6423709988594055
0.6559085845947266,0.6517622470855713,0.7898151874542236
0.8154566287994385,0.9126259684562683,0.9458183646202087
0.09951984882354736,0.1780608743429184,0.8033460974693298
0.32499802112579346,0.3507600724697113,0.47988152503967285
0.8616428971290588,0.905441403388977,0.9685995578765869
0.35958340764045715,0.4352126121520996,0.6699172258377075
0.8317946195602417,0.8614233136177063,0.9587386250495911
0.7792080640792847,0.7931268215179443,0.9143912196159363
0.16202054917812347,0.2746695280075073,0.5822209119796753
0.8565943837165833,0.892457127571106,0.9623839855194092
0.6943081021308899,0.6585894823074341,0.805905282497406
0.3683761954307556,0.40118709206581116,0.6296668648719788
0.18401503562927246,0.26064637303352356,0.5164670944213867
0.13813379406929016,0.19029444456100464,0.3868314325809479
0.8436289429664612,0.8716915249824524,0.933769166469574
0.45480266213417053,0.610723614692688,0.8713989853858948
0.42404186725616455,0.49704551696777344,0.9312349557876587
0.44069939851760864,0.5842539668083191,0.829376757144928
0.24893352389335632,0.33405444025993347,0.6652349233627319
0.032309308648109436,0.12956571578979492,0.6037615537643433
0.8996825218200684,0.9499807953834534,0.9495824575424194
0.18356020748615265,0.22361354529857635,0.457377552986145
0.7801764011383057,0.7963284254074097,0.8856168985366821
0.8580558896064758,0.8214983940124512,0.8109910488128662
0.587660551071167,0.6097398400306702,0.773261308670044
0.19447527825832367,0.2864837646484375,0.5421750545501709
0.6923691630363464,0.7086382508277893,0.9365884065628052
0.852623462677002,0.850135862827301,0.8893144130706787
0.8727336525917053,0.8174333572387695,0.894932210445404
0.18809840083122253,0.25604963302612305,0.644977331161499
0.8398294448852539,0.8813168406486511,0.877889096736908
0.05755848065018654,0.09516120702028275,0.2749227285385132
0.4822637736797333,0.630213737487793,0.7726462483406067
0.2171708047389984,0.325839102268219,0.6729196310043335
0.7849595546722412,0.8180736899375916,0.9400148391723633
0.37885940074920654,0.4028676450252533,0.7644420266151428
0.25631263852119446,0.31442102789878845,0.5417535305023193
0.25796493887901306,0.2681516706943512,0.5276496410369873
0.10718876868486404,0.22504477202892303,0.5263754725456238
0.4993496835231781,0.52909255027771,0.797655463218689
0.5505852699279785,0.5996716618537903,0.7665602564811707
0.365070104598999,0.48652559518814087,0.7543318271636963
0.7899044156074524,0.8265777230262756,0.9240517616271973
0.7546271085739136,0.696378231048584,0.8913525342941284
0.20062513649463654,0.24595946073532104,0.5624487996101379
0.25109177827835083,0.33867910504341125,0.5562390089035034
0.5073182582855225,0.4794332683086395,0.6206295490264893
0.7803782224655151,0.8119207620620728,0.9430910348892212
0.5411925315856934,0.615525484085083,0.7906745672225952
0.492875874042511,0.6144503951072693,0.7754966020584106
0.2341425120830536,0.32769060134887695,0.5187552571296692
0.1095135360956192,0.14232367277145386,0.7215087413787842
0.21131010353565216,0.32609108090400696,0.43246644735336304
0.7544198632240295,0.7457662224769592,0.9095415472984314
0.5653674006462097,0.6299595832824707,0.7461669445037842
0.5873417854309082,0.6461877226829529,0.8980280160903931
0.0869559794664383,0.17978978157043457,0.6873536109924316
0.8850623965263367,0.9110443592071533,0.9357782602310181
0.5500072240829468,0.5394532084465027,0.7740300893783569
0.8893910646438599,0.9447926878929138,0.9531238079071045
0.38696303963661194,0.4455402195453644,0.6178051233291626
0.8491777777671814,0.8673052191734314,0.9348154664039612
0.8228433728218079,0.8174144625663757,0.9275106191635132
0.32025834918022156,0.3581465780735016,0.5929915904998779
0.22039124369621277,0.26408833265304565,0.4799623489379883
0.8133419156074524,0.7543838024139404,0.8552356362342834
0.08338546007871628,0.23477515578269958,0.8285883665084839
0.7467237114906311,0.7349939942359924,0.8124883770942688
0.8957955837249756,0.8907048106193542,0.900978684425354
0.28090426325798035,0.2900855839252472,0.49811455607414246
0.8314508199691772,0.8855111598968506,0.9170113205909729
0.5328336358070374,0.6388951539993286,0.6609623432159424
0.8386324048042297,0.8982579112052917,0.8797953724861145
0.5953816175460815,0.6260192394256592,0.8095118403434753
0.7034451365470886,0.7706230878829956,0.8755542635917664
0.6914710998535156,0.6868900060653687,0.7814241051673889
0.9286265969276428,0.9551612138748169,0.9442585706710815
0.15984509885311127,0.18833060562610626,0.511685848236084
0.25287431478500366,0.2724306583404541,0.7337741851806641
0.7230031490325928,0.7861575484275818,0.8526149392127991
0.6992369890213013,0.7787458300590515,0.8753015995025635
0.28097596764564514,0.27000701427459717,0.4725545048713684
0.822883129119873,0.8515029549598694,0.9208574295043945
0.4252377152442932,0.535417914390564,0.7707153558731079
0.37370938062667847,0.45288965106010437,0.6352143883705139
0.4355183243751526,0.4908295273780823,0.7028612494468689
0.7545340657234192,0.6541591882705688,0.8006666898727417
0.9225850105285645,0.9483400583267212,0.9273251891136169
0.04854641482234001,0.13915327191352844,0.49746638536453247
0.8774542212486267,0.9202350974082947,0.9302382469177246
0.6449195146560669,0.6930115222930908,0.9101746082305908
